payload,sentiment,mocker
"i am willing work  in your esteem organization.
hence, i am submitting my resume for your kind consideration.
i am currently working as an senior asstt.
(admin.
& academic) at maharaja agrasen university, baddi, distt.
solan (hp), where i perform many of the tasks required for preparing documents for affiliation from various concerned govt.
authorities like hpperc, ugc, pharmacy council of india, council of architect, aicte.
prior to this i worked as executive secretary to chairman at shree siddhivinayak group of institution, shahpur, bilaspur, distt.
yamuna nagar, where i performed administrative tasks as well as preparing documents various inspection kuk, aicte.
through my experiences at ssgi i have developed my administration skills learnt to work as an integral member of a team, and maintained the highest standards of professionalism.
i have also developed my computer skills, becoming familiar with company databases and honing my typing abilities in english and hindi languages.
i have strong communication and interpersonal skills, a friendly and professional manner, and an excellent command of microsoft word, excel and powerpoint.
i also have exceptional attention to detail, with an ability to prioritise and juggle multiple tasks.
i hope you will kindly consider my cv and give a chance to work in your organization.







",positive,Enrique
"please find the attached resume for the position and let me know if you
need any further information.







",positive,Enrique
"kindly find my updated cv and below are the following
information and do feed back.
total no.of years of it experience :6 yrs
current company : valuelabs.
current ctc : 621,000 .
(no variable pay in my current company).
excpected : as per company norms.
notice period: 3 weeks.
dob :08/06/1981.
current location: hyderabad.
current contact number : 9949222390.
highest degree& pass out year: mca-2006-jan(fulltime)/ 63%.







",positive,Enrique
"this letter is to express my interest on your opportunity for an experienced technical developer.
with a bachelorâs degree in information technology, and hands-on experience using java platform to create and implement software application.
â 
iâve attached a copy of my resume that details my projects and experience in software development.
i can be reached anytime via my cell phone, +91 9940551678 or via email at mailtoarun.j@gmail.com.







",positive,Enrique
"


Either way, I'm writing to ask you about your latest post on
LinkedIn about new corresponding AI positions; I even consider
my profile is more suited to that than web or mobile software development.
",positive,Wendy
"pfa,


thanks & regards,
devendra pal singh rathore,
+91 8105592464, 8003668168







",positive,Enrique
"thank you very much for offering me the opportunity to work at Norris, Wilson and Kelley as Clinical embryologist.
after much deliberation, i will not be accepting the position, as it isn’t the right fit for my long-term career goals.
i sincerely appreciate the offer and give you my best wishes in finding a suitable candidate for the position.
i wish you and the company well in all future endeavours.",negative,Enrique
"
I am a graduate of CICESE in the area of ​​telecommunications and digital signal processing, I am looking for a job, if you have any attached CV vacancy.
",positive,Wendy
"please find the updated cv as requested.







",positive,Enrique
"Good afternoon,

See the attached CV below
for the offer published in
https://www.computrabajo.com.mx/empresas/ofertas-de-trabajo-de-intekglobal-BAFDBAB90287CA83/oferta-de-trabajo-de-fisicomatematico-con-maestria-bilingue-en-estados-unidos-3F85D6E6F762871361373E686DC

Cheers
Magdiel A. F.",neutral,sam
"Hello,

Regarding the job position, I would be interested in interviewing for this role 
as it matches my profile and I believe my strengths can be put to good use.

Regards.",positive,Ivan
" 

thank you for your email. At this moment I am no interested in this particular job.
Many thanks,
Mr. Lopez

",negative,Sol
"i am very much interested for this position.
please find the attached
resume.







",positive,Enrique
"sorry  i missed your call.
i was driving and could not take the call.







",positive,Enrique
" 
to whom it might concern,

I am currently working in a tech company in California State, in any case, I am interested in the job position offer.
",positive,Sol
"Dear Randy Johnson:

I very much appreciate your consideration for the DevOps Engineer with Zalando. After further thought, I have decided to withdraw my application for the position.

It was a pleasure meeting you. I appreciate the time you spent discussing the opportunity with me, as well as the information you shared on the job and the company.

Thank you for your time and consideration. I wish you success in finding the perfect candidate to fill this position.

Best regards,
David Ortiz",negative,Salvador
" 

I am interested in this job position and would like to be considered for an interview.
Thank you,
Y.
",positive,Sol
"Dear Samantha Medina

Last Tuesday March 3 you called me
and you agreed to send me the necessary information
for the job position of a physical-mathematical
  which I applied to in OCC.

I am interested in the information
  and the developing work in the company
where you work INTEKGLOBAL TECHNOLOGIES.


I am at your command through the
email or my cell number
For any information.

Cheers",negative,sam
"   -
   - greetings for the day !!!
-
   - i have good working knowledge and professional experience in
   appliedai/machinelearning/deeplearning/data science  with  mathematical and
   statistical skills .
please take a moment to go through  details that are
   mentioned in the attached resume.
-
      -
      it would be a sincere pleasure to hear back from you soon to discuss
   any exciting opportunity.
9916112881










",positive,Enrique
"i applied for this job at naukri.
as a reply to the email, please
refer my updated resume as requested.







",positive,Enrique
"
It sounds tempting what time can I call you to know more about the training
",neutral,Wendy
"greetings!!
please find attached profile for your perusal.







",positive,Enrique
"

Sounds good to me, I will consult with my family
",neutral,Wendy
"reply to your mail , here i attached my latest updated profile.
please find
this.







",positive,Enrique
"

I send my CV. I hope my profile suits the needs of the company. I must emphasize that I programmed a prototype of the particle detector of the V0 + of the Alice network in Mexico using C ++



",positive,Wendy
"kindly find my resume attached with this email.







",positive,Enrique
"
Greetings,

Thank you. I attached my CV
",positive,Wendy
thank you very much for offering me the Surveyor.,positive,Enrique
"Good afternoon

Find attached my resume to apply for the published vacancy,
I tell him that I have the master's degree completed with ID and certificate.
Also as experience in a national physics, 
  in my high school period,
Mathematics accreditations at university level with an average of 92.5",positive,sam
"Hi,

Tho position mentions the need for 5+ years of experience in Java. Does the job require
server side java or will there be a lot of desktop application development? My
experience has been mainly towards mobile/web. On server side I've mainly worked with Go.

Is there freedom to choose the technologies we work with? ",neutral,Ivan
"unfortunately, i am going to need to withdraw my employment.
i
apologize for this inconvenience and i realize this puts the company
in a challenging position to make a replacement.
i wouldn’t have made
this choice unless it was for serious reasons.
i hope this doesn’t diminish the opportunity for us to work together in
the future.",negative,Enrique
"i wanted to thank you again for your letter offering me Landscape architect at Miranda-Payne.
i appreciate the time you and the rest of the name of company team spent with me outlining this opportunity.
while i certainly recognize the benefits of working at name of company, after thoughtful consideration i regretfully decline this offer.
as we discussed, reason for declining i am choosing not to accept your offer at this time.
i hope our paths will cross again in the near future, and wish you and name of company continued success.
thank you again for your time and consideration.",negative,Enrique
"i wanted to follow up regarding the Senior tax professional/tax inspector position.
thank you very much for the opportunity.
however, i was offered another opportunity that i feel is a slightly better fit for my
career goals, and i’ve decided to accept it instead.
this was not an easy decision, and i hope you and your team are successful in finding the right person for your role.",negative,Enrique
"thank you so much for offering me the Sales professional position.
after careful consideration, i have decided to accept a different position and won’t be able to accept this offer.
i appreciate the time spent interviewing me and introducing me to your organization throughout this process, and Mills PLC sounds like a fantastic company.
it was a difficult decision, and i wish you success in finding the right person for your role.",negative,Enrique
"i'm really pleased to receive a message from you regarding the job
opportunity.
this job really feels like a great opportunity for me and would love to be
a part of the company.
i have a vast experience in implementing a wide variety of frameworks and
technologies in machine learning and deep learning.
apart from my job experiences in solving complex problems, i have also done
many certifications and side-projects.
please go through my attached resume as well as my github and linkedin to
get a brief idea of my profile.







",positive,Enrique
"thanks so much for offering me the position of Museum/gallery exhibitions officer at Henderson-Lane.
it was a
pleasure meeting you.
unfortunately, after a great deal of thought, i have decided to turn down this
gracious job opportunity.
i am truly sorry for any inconvenience this decision may
cause and hope it will not affect any future relationships with your company.
i wish you continued success and hope to hear from you in the future.",negative,Enrique
" 

I received gladly this email, please find attached my cv  

",positive,Sol
"pfa my latest resume for the jd mentioned, after going through the jd i
find myself fit for front-end  development work with more than 5 years
experience in the same...







",positive,Enrique
"thank you for sending me a job offer email for the position of Civil Service administrator.
i am very grateful for the time you spent considering me.
i was delighted in receiving your offer because your company left a great impression on me.
after thorough consideration, i decided to decline your offer.
unfortunately, something completely unexpected happened, and i cannot accept your proposition.
i hope Quinn-Ramos will progress forward and achieve great successes in the future.",negative,Enrique
"Hi,

I'm really interested in this job offer but the timing isn't great.
If it would be at all possible to maybe start in 3 months from now I would
really like to interview for this position. If that is not possible then I
sincerely hope you can keep me in mind for something else that might open up
later on. ",neutral,Ivan
"thanks
for honoring me with this opportunity.
i am writing this letter to acknowledge your offer, keeping complete understanding of your terms
and condition.
even during interview i realized that my skills fully matched with post requirements.
i strongly believe that my strong academic background and experience in the field allows me to
execute all delegated tasks.
i am confident to prove my capability not only in good favor of your
clients but also for the company.
i will be able to finalize my decision regarding your offer within 2 days and my decision will surely
be in best interests of my career and your institution.",positive,Enrique
"My name is Brayan Cuevas Arteaga
  I am an Electronic Engineer with
Master in Electrical Engineering
(instrumentation and digital systems),
  my last job was as Mr. Engineer
  at Motorola Solutions Inc, I hope and
  you have a chance to check my
resume annex in Spanish and English.
  Thank you very much in advance!",positive,sam
"my name is arnab pan, have 2.8 years of experience in solving nlp
problems skilled with python programming and machine learning.
presently working on text classification, entity recognition, knowledge
graph,
rule-based, semantic and syntactic parsing, word embedding, developed
a conversational bot and a recommendation system from scratch, it's in
production.
i have shared my resume for your consideration.







",positive,Enrique
"Hi,

Regarding the job opening, I don't think it would be a great fit for me at this time.
I'm still getting familiar with some of the requirements but perhaps in the future.

Regards.
",negative,Ivan
"thank you very much for offering me the position of Runner at Pennington-Pearson.
unfortunately, i have decided not to accept the
position, as it isn’t the right fit for me at this time.
i truly appreciate the offer and your consideration.
thank you again for your time and i wish you all the best in finding
someone suitable for the position.",negative,Enrique
"Good afternoon:

My name is Alejandro Estrella,
I'm interested in the job offer
Find my CV attached at your disposal,

Best regards,
Cheers",positive,sam
" 

I would like to be considered for this position.
May I ask about some salary specifics and benefits.

Best,
Mrs. Money 
",positive,Sol
"
Can you tell me a little more about the offer here?
",neutral,Wendy
"thank you so much for the offer to join Hopkins-Schultz in the Nurse role.
i was excited about the opportunity to work with the team there.
unfortunately, something unexpected came up, and i am unable to go forward with the job as previously planned.
i would love to stay in touch via linkedin, and i hope our paths cross again in the future.",negative,Enrique
" 

to whom it may concern,

I am interested and would like to get an interview for this job as soon as possible. BU first I want to know more about the benefits the job offers. 

Mr. P

",neutral,Sol
" 

To whom it might concern,

I hope this email finds you well.
I appreciate your e-mail, I am very interested in this job position and would like to make myself available for a future interview.

With vest regards,
Mr. Polite

",positive,Sol
"thank you so much for the offer for the role of junior alien hunter.
i really appreciate you taking
the time to consider me and for answering my questions about the company and the position.
while this role is a great opportunity, i have decided to pursue another position that will offer me
more opportunities to achieve my ultimate career goals.
it has been a pleasure getting to know you, and i hope that we cross paths in the future.",negative,Enrique
"Good Morning:

My name is David Vargas Flores,
 I am interested in applying for the
Software Developer position
 I currently work in a private security company
where we develop projects for the C5i around
 of the continent.

 I did my previous job at CIATEQ,
 a public research center where
 carry out special projects from the stage
 from research to product manufacturing
 for various national and international clients.

 On the other hand, I have experience
 working on projects with technologies
 vehicles in Germany,
 specifically developing the
 obstacle detection system
 for autonomous vehicles and a system
 of road assistance using V2X and OBDII.
 Where I collaborated with Dr. Raúl Rojas 
 backed in the lab from Autonomous University Systems



Any questions, comments I am at your service.

I wish you an excellent day, Thank you very much for your attention.

 

David Vargas",positive,sam
"I got experience in maintenance
working USA.i can keep a conversation
in English and give engineering solutions.
hope you can have a position for me.
thank you for advance 

Sincerely
MR.GONZALEZ.
",neutral,sam
"appreciate your interest in my profile.
please find attached my resume for
your kind perusal.
look forward to hearing from you.







",positive,Enrique
"Hello Samantha:

Wishing you are having a great day
despite these days of quarantine.
I was wondering if there was any news
  about the diagnostic examination and / or the
  opportunities to be part of your team.

Thank you very much and sorry for the inconvenience.

Cheers,
Guillermo",neutral,sam
"

I’m interested Here’s my CV





",positive,Wendy
"thank you so much for the offer to work as a Ophthalmologist at Fitzgerald, Mcbride and Lee.
i very much appreciate your time and consideration, and your effort in
answering my questions and helping me navigate the application process.
i was very happy to meet you and Dean Guzman on
February 17, 1985.
while working with you as Fitzgerald, Mcbride and Lee sounds like a tremendous
opportunity, i have decided to take a different position.
i’ve enjoyed getting to know you and everyone at Fitzgerald, Mcbride and Lee, and hope
we have the chance to meet in the future.
again, thank you for your
consideration and the generous offer.
i wish you all the best.",negative,Enrique
"Dear Miss Medina:

My name is Guillermo López Hinojosa.

I recently found the job offer for
 ""Physico-Mathematical with
  Master / Bilingual "",
and I consider that my experience and
  background meet the
requirements stipulated for the position.

Find attached my CV.",positive,sam
"Hello,

The ML position looks good but I was wondering if the work was more
theoretical or practical? I've done my share of research but would really 
like to apply my knowledge to solve some domain specific problems. Will these
opportunities be available? ",neutral,Ivan
"Dear Mrs. Nadia Kalenski,  

Thank you for offering me WebStat's software developer role. I am honored to be considered for the opportunity and feel I would be an asset to the company.

I am particularly considering the position’s details and would like some more days to make a decision. I can provide a final answer by Thursday morning. 

Thank you, 
Laura Schmidt",neutral,Salvador
"i have attached my resume for the requirement.
*total exp:* 04+ years

*exp in python development: 2 years*
experience in ai, python, nlp, machine learning.
list and details of my published work in research journals could be found
here: https://scholar.google.com/
citations?user=x1sxqgiaaaaj&

it would be a sincere pleasure to hear back from you soon to discuss this
exciting opportunity.







",positive,Enrique
" 
to whom it might concern,

today  I am working in a company located in Arizona. I am interested in the job position and would like to apply given that if in case I get the position I could start in September instead of July.

kind regards,

Summer Sanchez
",neutral,Sol
"i am interested in the opportunity presented by you and i believe my
technical experience and education will make me a very competitive
candidate for this position.
below are the required details

current ctc: 7.75 lacs per annum
expected ctc: 9.50 lacs per annum
notice period: 1 month
current location: noida

please find my resume attached for more details.







",positive,Enrique
"this is regarding the wonderful job offer that i received from
Taylor, Brown and Wagner.
it was a very difficult decision for me to make but i have
decided that another opportunity is a better fit.
i hold Taylor, Brown and Wagner in a very high regard and the have a dear amount of
respect for the whole team.",negative,Enrique
"Dear Samantha Medina, 

Hoping you are well, please find attached my resume,
  I'm at your service.
Best regards.
Quetzalcoatl Ornelas García.",neutral,sam
"

I'm not looking for a job
",negative,Wendy
"this was such a difficult decision for me to make.
i spent a long time
meditating on the opportunity that you put in front of me.
it is such a
great one.
but after a lot of consideration on my career path, i’ve
chosen another route.
i want to thank you for all the time you and the
team put forth.
and i hope we can stay connected and speak about
future job opportunities that may come up later down the road.
thank so much for everything,
",negative,Enrique
"

I'm going to have to pass up the offer, they increased my salary
",negative,Wendy
" 
I have just enrolled in a PhD program and can not apply for this job.
I will be glad to work with you in the future and look forward to meet with you in another ocassion.

Gabriela Romero
",positive,Sol
"
I am interested in this position
",positive,Wendy
"i was excited to get the opportunity to work in a
team here.
unfortunately, during the hiring process, i’ve got a job offer from another company.
after
a long weighing of all the advantages and disadvantages, i’ve decided to decline job offer
you made.
i believe that the other position is a better fit for my skills, values and career opportunities.
i am sorry for any inconvenience my decision may cause.
i continue to be impressed with
Goodwin-Thomas approach and all the people i’ve got a chance to meet.
i wish you all the best and everlasting growth.
i hope to keep in touch and will
recommend Goodwin-Thomas to all my skilled friends.",negative,Enrique
"many thanks for your phone call yesterday and the offer of the role of Press sub at Hawkins, Woods and Wood.
unfortunately, i will have to decline this role
as the salary does not meet the financial requirements of my current living expenses.
thank you again for your consideration, and i wish you all the best in finding someone suitable for the position.",negative,Enrique
" 

I am a jr developer and would like to apply for this position that you are offering.  I am available for an interview if you require so.

Kind regards,
the penguin.
",positive,Sol
"Find attached my CV , I hope it is for your interest.",neutral,sam
"many thanks for your phone call yesterday and the offer of the role of Data processing manager at Nolan LLC.
i sincerely appreciate you taking the time to discuss salary expectations with me.
unfortunately, i will have to decline this role as the salary does not meet the financial requirements of my current living expenses.
thank you again for your consideration, and i wish you all the best in finding someone suitable for the position.",negative,Enrique
"this letter is in regards to the Investment banker at Taylor, Lambert and Haley.
i would like to take this time to thank you for the opportunity to apply and for the job offer.
i am afraid i will have to decline this offer for a couple of reasons.
i’ve been offered another position at a nearby store that will pay more and work with me on my busy schedule, so i can be more flexible with the hours i work.
i’d like to thank you again for the opportunity to work at costlow general stores and wish you well with your business.",negative,Enrique
"thank you so much for the offer to join Brown, Flowers and Charles in the Legal executive role.
i was excited
about the opportunity to work with the team there.
unfortunately, something unexpected came up, and i am unable to go forward with the job as
previously planned.
i would love to stay in touch via linkedin, and i hope our paths cross again in the future.",negative,Enrique
"i really want to thank you very much for offering me the position of senior supervisor in your
company.
however, i have been offered a similar role in another company, the details of
which i do not wish to disclose due to professional commitments, at a better ctc and perks
with my experience and qualifications.
i appreciate you for taking time and effort for interviewing me and also sharing relevant
information related to the job and the company.
i mean no disrespect but, i must go for the
offer that is best suited for me.
i wish continued success for your company!
thank you, for your time and effort.",negative,Enrique
"Dear Mr. Andrews,

Accept this email as my formal acceptance of the offered position as Cloud Architect. I thank you for the opportunity, and I look forward to applying my talents to the position.

As the offer letter displays and as we previously discussed on the phone, I accept the starting salary of $68,000 with in-lieu work after three months.

I will be meeting the team on July 1, 2020. If you require any additional information from me before then, please let me know. You can reach me at (556) 896-6302 or better by email at sjackson@cloudservices.com.

Thank you again for allowing me to demonstrate my value.
Sincerely,
Samuel L. Jackson",positive,Salvador
"Dear Dr. Kobain,
 
Thank you so much for offering me the position Software Engineer at Data Verde company. I am enthusiastic about the possibility of working with your team.

I noticed the signing salary is lower than what we previously discussed Are you available for a phone call in the coming days to discuss?  

Thanks again,
Mickey Mantle",neutral,Salvador
"Hi, good afternoon 
I'm able to the required position en USA, 
but I'd like to know if with the COVID-19
 problem is now possible to travel 
if this could be a remote position.

Thank you.",neutral,sam
"thanks for reaching out to me and showing interest in my profile.
yes !
i
am interested in this position and would like to discuss further.
you can reach out to me at +91 8087797428.







",positive,Enrique
"Hello,

The information I've received looks great but I have a few questions.

Would I be able to pick my work location? If not immediately, what are the odds
of being granted a transfer?

What does the career path look like for someone with my skills? 

I look forward to hearing back. Regards.",neutral,Ivan
"with all my sincere respect, i am writing this letter to thank you for selecting me for the
post of assistant manager.
due to the convenience issue unfortunately i am unable to join the office.",negative,Enrique
"i would like to take a moment to thank you for extending me an offer for the Conference centre manager within Williams and Sons.
after careful thought and consideration for the role, salary, responsibilities, and the company; i have come to the decision to decline the job offer presented to me.
your company has a bright future ahead, however i have accepted another position that is within a more commutable distance from my home.
i appreciate taking the time to have met with you and all interviewers.
i am truly grateful to have received this opportunity to join your team and thank you for your time and support throughout this process.",negative,Enrique
"Dear Mrs. Cecilia Cole,

I was amazed to get your phone call yesterday. I am writing to formally accept your employment offer for the Social Media Manager position at Cloudy Company. Thank you for the opportunity.

As we agreed, my starting salary will be $52,800 per year with two weeks of paid time off. I understand that health and dental benefits will be available after ninety days of employment.

If there’s anything you need from me prior to that start date, or any documents I should bring on my first day, just let me know. I’m eager to dig in and get started on November 6, 2017.
Thanks again,

Paul LeMahiue",positive,Salvador
"please get my attached resume.
looking forward to hear from you soon.







",positive,Enrique
"Dear Samantha Medina,

I hope you are well receiving this email.
I have seen through Linkedin a job position,
titled Physico-Mathematical with master's degree /
Bilingual and I am interested in it.
Please find attached my CV,

I'll wait for any comments.

Dr. Rafael Aguilar González",positive,sam
"

Dear Wendy,

I inform you that I have spoken with my girlfriend, we have reached some agreements. I inform you that I will be able to accept the job offer
",positive,Wendy
"good morning

I would like to know the details
of the job position as well as the process
to apply for it,
I am in my last semester of doctorate
in science with a focus on applied physics
in photonics, I attach my cv in English for more details,
any questions or comments you have, just let me know.
Thanks in advance for your attention and time.

Cheers",negative,sam
" 
Dear X,

I would like to consider to apply for his job offer, please find attached my cv.
Let me know if you have further inquiries about my professional background.

Kind regards,
Mark Ruffalo
",positive,Sol
"thank you for your offer for the position of assistant project coordinator at Snyder, Wade and Curry.
while i believe firmly that Snyder, Wade and Curry provides an exciting and challenging
opportunities, i have had another offer which i believe more closely aligns with my current
career goals and interests.
after much consideration, i have decided that i must decline your
offer.
thank you for all the courtesy and hospitality extended to me by your office.
i appreciate your
interest in me, and i enjoyed learning more about your organization.",negative,Enrique
"Greetings,

I attached my CV to apply 
for the software developer position

Thanks in advance,",positive,sam
"thank you for offering me the position of financial analyst at Lozano-Carlson.
i was delighted to meet
you and learn more about the company.
although i verbally agreed to accept the position, i have given it a lot of thought and decided to turn
down the post.
i believe it is in my, and your company’s, best interests.
ultimately, i elected to take on a
position at a firm where i believe my skills and experience are a better fit. i truly apologise for any
inconvenience i have caused.
i was impressed with Lozano-Carlson during the interview, and continue to be at this time.
wishing you
all the best in the future and hope to still see you in attendance at the snow terrace financial conference
in june.",negative,Enrique
"i came across posting through naukri.com and i am actively looking for work
home options.
please find the attachment of my most recent updated resume.
and i would
like to connect with you for further discussion.







",positive,Enrique
"new device signed in to


india-jobs@sibatel.com
your google account was just signed in to from a new apple iphone device.
you're getting this email to make sure it was you.
check activity
you received this email to let you know about important changes to your
google account and services.
â© 2019 google llc, 1600 amphitheatre parkway, mountain view, ca 94043, usa







",positive,Enrique
"Good afternoon.
 
I saw your job position
  in Indeed and please find my resume
attached,
I am very interested in the position.

 
Regards.",positive,sam
"Good afternoon Samantha,
I have a missed call from you, yesterday.
I am available for any matter to discuss
Best regards,
Eder",positive,sam
"
pfa resume of mine.

i am a recruitment and training expert, csm, crm and ops professional with more than 10 years of experience managing customer care & support, client relationship, servicing & retention, sales (inside & direct), marketing, business operations and development, customer support & training, operations in voice, email and chat process at various organization throughout my career.
after reading about the oppurtunity, i am very confident that the vacancy is a perfect match for my experience, abilities and knowledge.
i believe that i can make a valuable contribution to your organizations present & future projects and initiatives and because of my success in various multiple environments, i am confident i can do the same as a member of your team.
my recent employment as a customer relationship manager at bloomkonnect and specialist at azuga telematics pvt ltd, i have achieved an average of 80% sales growth and 100% csat.
i have also successfully introduced new product lines and recruited & trained sales & support teams  across globe.
as a crm, customer support, bd & marketing manager, i feel that my biggest strengths are my ability to grow revenue per customer as well as retaining existing clients by motivating sales teams and ensuring they focus on the needs of our target audience.
i would welcome an opportunity for a personal interview to discuss your organizations needs and the results you can expect from me in addressing those needs.
please feel free to call me on my cell phone: +91-7338554875 so you can arrange an interview time that fits your schedule.
please find my attached updated resume and i look forward very much to hearing from you.







",positive,Enrique
"
I would like to know more about the process of application and the job activities this job requires.

",neutral,Sol
"thank you again for taking the time to interview me last week, it was great to meet the team and
learn about the company.
i enjoyed learning about the swamp cleaner position, and i appreciate
your generous offer.
while this position seems like a great opportunity, i have decided that now is not the best time to
leave my current position.
once again, i would like to express my gratitude for the offer and my regrets that it did not work
out.
thank you for your time and i wish you the best in finding another candidate to ll the
position.",negative,Enrique
"based on hr’s response, i am withdrawing my application to work at your company.",negative,Enrique
"thank you so much for the offer of the Aid worker.
i so appreciate you taking the time to consider
me and for answering so many of my questions about the company and role.
after careful consideration, i regret that i must decline your offer.
although you were most encouraging in outlining
future advancement possibilities within Wiley LLC, i have accepted another opportunity that is more in line
with my skills and career goals.
i enjoyed meeting you and the rest of your team.
you have been most kind and gracious throughout the interview
process, and i only wish that circumstances allowed me to accept your offer.",negative,Enrique
"
I am listening to offers call my number xxxxxxx
",neutral,Wendy
"Hi Samantha, 

How are you? I hope all about you're Ok,
 I'd like send you my CV for to be considered to:
 Software Developer / AI and Machine learning.

I'm systems engineer,I have a master's degree
 in quality engineering and a diploma in 
cybersecurity applied to business. 
Now I looking for a job in GDL and 
I'm very interesting in your vacant. 

Can you let me know if you'd consider my CV? 

Regards.",positive,sam
"thank you so much for your oﬀer, and for the me you have invested in talking to me.
i regret to inform you that i have we
received
oﬀer from
have decided to accept that one
instead.
if you’d like to talk through the oﬀer further,
please
don’t your
hesitate
to call me.",negative,Enrique
"
Wendy

I am only writing to let you know that I will not continue in the selection process since I am going to study the Doctorate
",negative,Wendy
"i would like to thank you again for oﬀering me the
position of Research officer.
i
genuinely appreciate the time you spent with me
and your consideration for the position.
i have spent some time reconsidering your job oﬀer
and i have concluded that this job is not the best fit
for my skills and experience.
i believe it is in the
best interests of both myself and the company to
turn down the job oﬀer.
i am very sorry for any
inconvenience that this may cause.

i enjoyed learning more about your company and i
wish you and your staﬀ much success in the future.",negative,Enrique
"Dear Mrs. Robinson:
 
Thank you for meeting with me last week to discuss the role of the marketing department. I enjoyed our conversation and was so intrigued by the projects that are in the works at Ku-bot company. 

I am writing today to withdraw myself from consideration for the position, however, since I was offered a role at another company and accepted the job offer. 

Thank you again for your time and consideration. 
Best,
Joe Black",negative,Salvador
"i hope you’re doing well.
unfortunately, i have decided to pursue another opportunity rather than accepting this offer.
i appreciate the time you and your team spent meeting with me and putting together this offer, and i wish you luck in finding
the right person for the job.",negative,Enrique
"Hi,

The position matches my profile and the location 
is ideal. Unfortunately it does not meet my current
financial requirements. If the salary is not negotiable 
then I cannot accept. ",negative,Ivan
"Dear Sir,

I am very pleased to hear from you and I am interested in the position that your company is offering. I am available and gladly send you any information you require.

Kind regards,

Federico Coyne

",positive,Sol
"thanks for sharing me the opportunity on naukri.
i am a recruitment and training expert, csm, crm and ops professional with more than 10 years of experience managing customer care & support, client relationship, servicing & retention, sales (inside & direct), marketing, business operations and development, customer support & training, operations in voice, email and chat process at various organization throughout my career.
after reading about the oppurtunity, i am very confident that the vacancy is a perfect match for my experience, abilities and knowledge.
i believe that i can make a valuable contribution to your organizations present & future projects and initiatives and because of my success in various multiple environments, i am confident i can do the same as a member of your team.
my recent employment as a customer relationship manager at bloomkonnect and specialist at azuga telematics pvt ltd, i have achieved an average of 80% sales growth and 100% csat.
i have also successfully introduced new product lines and recruited & trained sales & support teams  across globe.
as a crm, customer support, bd & marketing manager, i feel that my biggest strengths are my ability to grow revenue per customer as well as retaining existing clients by motivating sales teams and ensuring they focus on the needs of our target audience.
i would welcome an opportunity for a personal interview to discuss your organizations needs and the results you can expect from me in addressing those needs.
please feel free to call me on my cell phone: +91-7338554875 so you can arrange an interview time that fits your schedule.
please find my attached updated resume and i look forward very much to hearing from you.







",positive,Enrique
" 
Dear recruiter

thank you for getting in touch with me. I am interested in this job position. But  I haven't finished my bachelor's program and can not meet the arrival day. 

Many thanks,
S.
",negative,Sol
"i would like to thank you for the job offer of Chief Executive Officer that you offered to me.
in today’s tough economy, i
am appreciated of the opportunity to work for such a fine company.
i am looking forward to my start date on
September 05, 1977 according to our conversation, i understand that my position will pay ₲2050 an hour and will be a maximum of
50 hours per week.
my work hours will be monday through friday from 8 am.
till 5 pm.
with my managerial skills and my willingness to learn, i feel that i am a good match for your company.",positive,Enrique
"Helo, find attached my resume,

 
Regards,",neutral,sam
"Good day,


I would like to talk about this 
offer below that I saw in EmpleoNuevo page.
Please find my resume attached.
Ai, Machine Learning / Web Developing Position

I appreciate your attention to this email.

Thank you in advance!
Angeles Bayardo",positive,sam
"
Greetings Wendy Barajas,

I want to know if there are currently job openings in Tekmexico,

Thanks in advance,
",positive,Wendy
"thanks for the great offer.
although i have experienced the application process with you very positively, i have decided not to accept the offer.
the reason for this is that i have been offered another job where i can develop my personal skills better.
in addition, i think that job is better for the rest of my career.
thanks again for the time and effort.
i liked that you not only looked at the cv, but also at the candidate as a person.
in addition, i appreciate it that i quickly received a response from you to my application.
who knows, we might talk to each other in the future.",negative,Enrique
"greeting !
i am  revati nanda.
i received your mail on naukri.com.
i have recently
completed post graduate diploma course in artificial intelligence and i
want to explore this field and learn, i am currently working as a software
engineer(data science) at innodata.
please find attached my resume.
looking forward for your immediate response.
thank you.







",positive,Enrique
"Good afternoon


I am writing to you because I'm interested in the 
selection proces of the published vacancy;
I consider that I have the necessary capacities to develop an 
eficient work for you.
I would like to have more information about employment.
  I have a completed master's degree, I did my thesis defense satisfactorily,
  but I'm not done with the titling process.
  I am available to give more information as required.


I appreciate your attention and send you a greeting.",neutral,sam
"i received email from naukri on behalf of sibatel about an job opening for
java developer.
please find my updated resume attached with this email.
kindly let me know
if you finds my profile suitable.







",positive,Enrique
"hello,

The job description you sent seems interesting. If the offer still stands
I would like to interview for it.",positive,Ivan
"thank you for offering me the assistant manager position.
regretfully, i must decline your offer since i have just
accepted a position with another firm.
while i was very interested in the opportunity and working with your team, the
position i accepted is better matched to my credentials and career aspirations.
thanks again for taking the time to meet with me and for the generous employment offer.
i am impressed by your
company’s goals, mission and commitment to quality and service, and wish you and your colleagues much continued
success.
i hope that we meet again in the future.",negative,Enrique
"


Hi wendy barajas, i received your email, im interested in a developer position. i wait for your comments. Regards.
",positive,Wendy
"
I am interested in the job but can not  satisfy the mobility issue, I appreciate the information and look forward to work with you in another time,

Sincerely,

Mr. Moore

",negative,Sol
"thank you very much for offering me the position of Commercial/residential surveyor  at Richardson LLC, following our final
interview earlier this week.
after a lot of consideration, i have decided, with regret, not to accept the offer.
due to personal
reasons, unfortunately i am no longer in a position to accept the role.
i really appreciate the time that you have taken to meet with me over the course of our
interviews last week and this week.",negative,Enrique
"i would like to thank you again for offering me the position of sales associate at ghb
company.
i genuinely appreciate the time you spent with me and your consideration for
the position.
i have spent some time reconsidering your job offer and i have concluded that this job is
not the best fit for my skills and experience.
i believe it is in the best interests of both
myself and the company to turn down the job offer.
i am very sorry for any
inconvenience that this may cause.
i enjoyed learning more about your company and i wish you and your sta much
success in the future.",negative,Enrique
"Dear  Ms. Medina:    

I’m writing to you because I’m interested in applying
 for your open “AI, Machine Learning / Web Developing” position.
 I am finishing my studies in machine learning/object detection
 and want to apply my skills in the real world. I believe the description
 of the qualifications and proficiencies match with my experience and
 I can be a valuable asset to the organization. For example:

  • Experience in YOLO and Caffe frameworks.
  • Experienced with Matlab, C/C++, CUDA, Python, Java, 
    Linux Command Line.
  • Experience developing Machine Learning methods 
   such as Neural Networks.
  • Experience in Object Detection / Machine Learning
    with published papers.

I have attached my resume in for your consideration. 
I hope you will learn more about my background. If I can provide
you with any further information please let me know, 
I would love to talk to you in more detail regarding this 
or any other position.
Thank you for your time and consideration

Sincerely,


Sergio Cruz",positive,sam
"

My English is not good enough 
",negative,Wendy
"following our recent conversation, i wanted to thank you for offering me the position of sales assistant with your
company.
i was very impressed by the company and your team.
however, it is with regret that i have made the difficult decision to decline the offer.
unfortunately, after further discussion with my prospective manager, i feel that the role doesn’t offer the progression
opportunities i am looking for.
thank you again for this opportunity and i wish you all the best in the future.
i am afraid that after further consideration, i have decided to decline the offer.
although i was very keen on this role, i have since been offered another job which is a closer fit to my career aspirations.
thank you again for this opportunity and i wish you all the best in the future.",negative,Enrique
"
I want to know more about the benefits
",neutral,Wendy
" 

your job offer is not compatible with my goals carrier.

",negative,Sol
"Greetings,

The job position would be great for me if only I could choose my own work location.
Due to personal reasons I currently cannot be away too ofter or for too long. 

Does the job offer remote work options?
Is it possible to take sick days/personal days?

Regards

",neutral,Ivan
"thank you for offering me the position of Insurance claims handler with Young and Sons.
i appreciate your
interest in hiring me.
unfortunately, i have decided to accept a position with another
company that is a better match for my current goals.

again, i appreciate the offer and your careful consideration.
i wish you and your
company continued success in all endeavors.",negative,Enrique
"Good afternoon,

My name is Edson Álvarez.
I am currently looking for a job.
  I saw an ad in occ.com.mx they are looking for
posgraduate staff and I'm interested
to participate in the selection process.
I have a master's degree in engineering and
experience in food industries
in development departments,
production and quality. I attached my CV.
Thanks for your time and attention.
Regards.",negative,sam
"
*hello d k singh,*

*hope  you are doing well*

with *reference *to your emails via indeed on dated  *16**/nov 2019*,
i wish to offer my *professional candidature *for the post of* lead * *us
it recruiter **.
*for your favorable *consideration,* my enclosed
*resume *provides
you with an *overview *of my relevant *experience*.
i have over *9+* years
of work experience including close to 6+ *yr s* of relevant experience into *us
it recruitment and hr admin ( **time -sheets**)**.
*


i am looking forward to associate myself with an organization that can make
use of my experience, exposure and expertise for mutual benefits.
i
believe that my experience is a close match with your client's needs.
i
would be delighted to discuss my application further with you.
should you
require any further information



please feel free to contact me at *+91 9502881015 *or

email me at  dayanand950@gmail.com
*thanks & regards*

*dayanand enugula*
*+91 9502881015*









",positive,Enrique
"while accepting the position i was certain that i fit the criteria for the said role.
however, after some research and findings, i need to rescind my acceptance of your generous job offer.
while i hold you, your team, and
Dominguez, Olson and Allen in the highest regard, i am not in a position at this time to accept your offer.
i want to wish you and Dominguez, Olson and Allen the best continued success.
thank you again, Jennifer Lee, for all your time and efforts.
perhaps our paths will cross again someday.",negative,Enrique
"i want to express my sincerest appreciation to you for including me in the interview process as
you seek candidates for your Energy engineer position.
i have enjoyed meeting
with the members of your staff and i know you have an outstanding operation.
as i explained when we spoke this morning, i respectfully withdraw from consideration for your
position, because i have just accepted another employment offer.
my best wishes to you and the staff of Robles, Chapman and Downs.
i hope we will have the chance to talk at
the next conference.
thank you again for the opportunity to explore
career possibilities with your oﬃce and the courtesies extended to me by so many of your
colleagues.",negative,Enrique
"Dear Dr. Prof. Weismann,  

I would like to thank you for extending me the soft professor teaching position at the Mathematical Analysis department at Technical University Wien. I am pleased to officially accept the offer and begin working with the team.

As discussed, I agreed with the teaching hours scheduled for the coming semesters and the research activities I will conduct. I will send all documentation to begin the hiring procedure.

Please let me know if there is anything I can provide before my start date on January 23, 2019. 

Thanks again!
Dra. Sarah Martinez",positive,Salvador
"i'm working as a devops engineer in l&t technology services with 4 years of
experience.
i'm  looking for new opportunities.







",positive,Enrique
" 

I don't want to work full time, is it possible that this offer comes in a half time job?

",neutral,Sol
"thank you so much for offering me the position of marketing manager at Gonzalez-Johnson.
it has been a
pleasure speaking with you and learning more about your company.
unfortunately, after giving a great deal of thought to this career opportunity, i have decided that it is in my
best interest, as well as the company’s, to turn down your gracious job offer.
i have recently decided to
accept another position that i believe is a better fit for my abilities and skill set.
i am truly sorry for any inconvenience this decision may cause.
i continue to be impressed with Gonzalez-Johnson growth and standing in the marketplace.
i wish you all the best in your future endeavors.
i hope to see you at the upcoming marketing conference
in june.",negative,Enrique
"Dear Samanta Medina,

Good day. I saw the job position for IntekGlobal SA de CV,
which requests professional programmers
with a science-related mastery in the Glassdoor application.
  This application showed me this email as a contact for position mentioned.
I am a recent graduate of the master of computer science CICESE. 
Find attached my C.V.
I would appreciate any information or consideration regarding the position.

I remain at your service,

Cesar Miguel",positive,sam
"i want to thank you for all the time that you’ve spent with me.
meeting you and your team to speak about Lewis-Johnson was an
absolute pleasure.
i really hold all of you in high regard.
at this time, i’ve decided that another opportunity is a better option for
me and my career path.
i want you to know this was a very difficult
decision.
i hope we can stay in touch and speak about future job opportunities.",negative,Enrique
"thank you for giving me this great job offer.
i am deeply grateful for the
opportunity that you have given to me to work for your company.
i am so sorry that i will have to decline the offer.
few hours before i got your email, i was informed that my aunt was admitted to
a hospital in another state.
she was just diagnosed with cancer.
my presence and
resources are needed immediately at the hospital because i am the only relative
she has.
i was informed that she may be on admission for the next three
months.
i apologize for this unfortunate situation, and also for any inconvenience that my
decision may have caused the company.
thank you again for the job offer, i do not take your faith in me for granted.",negative,Enrique
"this is with reference to your job offer that you placed for the position of Commercial horticulturist.
after careful consideration of my
responsibilities and the kind of role i need to perform, i would like to rescind my acceptance for the said post.
i understand that i would miss the opportunity of working with a reputed company, backed with friendly and warm colleagues, but i have a
better offer as Commercial horticulturist in a small company.
it was a tough call making the decision as the reputation your company has is
incomparable.
i hope i should not regret my decision in the near future.",negative,Enrique
"Hello,

The job requirements do fit my profile but I'm not that sure I
would like to make the change. My current job is about the same
and I was more interested in changing my field to Machine Learning
rather than staying were I am. If you have any positions related to
this I would love to be considered. My profile has been updated
with the skills I've been acquiring to make this move.

I hope I can hear from you again if something else opens up. ",negative,Ivan
" 

Dear recruiter,

I had severe flu and was not able to reply earlier. I am aware that the deadline is already past but if the position is still available please consider my cv.
I am available for an interview.

Best regards,
Mr. M
",neutral,Sol
"
Thank you, Wendy,

But I’m not accepting  any offers 
",negative,Wendy
"i thank you for shown interest on my profile.
herewith, i have attached my resume.
for further discussion, i'm available at any time.







",positive,Enrique
"please find my cv for devops/build & release engineer position in us.







",positive,Enrique
"this is in regards to the “job title” employment offer that was presented by your esteemed company
on April 04, 1998.
i take immense pleasure and pride in informing you that i accept the offer to work at your
company.
i accept the terms indicated in the job offer – points 1, 2, 3 ..
as per our discussion, i shall complete all the formalities and paperwork before the job contract is
signed on April 04, 1998 and i will join the office on April 04, 1998.
i will also complete the delivery of other
“necessary documentation – insurance etc.” before this date.
i would like to reiterate my desire to do my utmost for the company, and my determination to
enhance the company’s progress.
i look forward to meeting you at the office,",positive,Enrique
"Hi,

The job description looks great but unfortunately
due to personal reasons I can't make the move at this time.
Perhaps some time in the future I will be available so I would still
like to be considered for a future position. I can also refer some 
colleagues who would be interested in this position if you'd like.",negative,Ivan
"

Wendy! 

My current contract is done, I’m ready to interview whenever you like.
",positive,Wendy
"Hello,

Regarding the job profile, my expertise are not exactly what are being asked
but they are very related. Competing technologies in fact. I'm a quick learner
and if the company can provide training I can quickly get up to speed.

I would love to hear back with any details regarding this position.",neutral,Ivan
" 
I am not available for this position.
",negative,Sol
"Dear Dr. Eva Braun,

Thank you for your offer of the position of Technical Specialist for the Witten Solutions Company. I am positively impressed with the depth of knowledge of your development team and believe that my experience will contribute to maximizing the profitability of the department.

I would like to talk with you regarding the salary and benefits you have offered before I could make a final decision. I feel that with the skills, experience, and contacts in the industry that I would bring to Witten, further discussion of my compensation would be appropriate.

Sincerely,
Adolf Gitler",neutral,Salvador
"Hello,

My name is Auraham Camacho.
  I contact you regarding
to the developer position
  in machine learning described in

  [one].Find attached my CVU.

Awaiting your comments.

Regards.",neutral,sam
"thank you again for offering me the opportunity to work at Powell PLC.
as i told you over the phone i regret that i must decline the job offer.
after considerable thought i have determined that the position is not the best fit for me at this time.
i enjoyed meeting you and learning about your company and i wish you every success in
the future.",negative,Enrique
"

in todayâs highly competitive world and fast-paced market, organizations
need strong and aggressive leadership to meet ever-changing business
development goals iâd like to give you a quick overview of my ability.
my background *includes 20+ years of hands on experience in hr squadron in
the indian air force; my strength is to **take responsibilities of
leadership, independent decisions and accomplish effective follow ups till
completion of the task.
*



the accompanying resume should serve to give you an idea of not only my
past achievements but also my potential for making a significant
contribution to your company.







",positive,Enrique
" 

 I am not interested, please stop sending emails or will be forced to act against you legally.

",negative,Sol
"
Could we talk in 3 months after my contract ends?
",neutral,Wendy
"
my bad, missed the attachment.

pfa to this mail.
regards
mohammed wajee
+91-7013265655
+91-9700167632








",positive,Enrique
"Hi!

I am interested and would love to follow up on the offer.",positive,Ivan
"Hi,

The description for the position looks great. I would be interested
in learning more about it and perhaps interviewing for it.",positive,Ivan
"thank you for sending me a job offer email for the position of Phytotherapist.
i am very grateful for the time you spent considering me.
i was delighted in receiving your offer because your company left a great impression on me.
after thorough consideration, i decided to decline your offer.
unfortunately, something completely unexpected happened, and i cannot accept your proposition.
i hope Foster, Bailey and Barrera will progress forward and achieve great successes in the future.",negative,Enrique
"thank you for offering me the role of assistant manager at Gonzalez, Turner and Carter.
after much consideration, i
regret to inform you that i am declining your offer.
while i believe that your company would be an
excellent place to work due to its outstanding safety profile, i have accepted another role that i think is
more closely aligned with my career goals at this time.
i thoroughly enjoyed meeting you and the rest of the team.
you and the rest of the interviewers were
courteous and supportive, and i wish i could have accepted the offer, but circumstances have prevented
me from doing so.
i am confident that you will find the right candidate, and they will be fortunate to work
at Gonzalez, Turner and Carter.
i wish you and your company all the best.",negative,Enrique
"
I want to know more about the vacancy
",neutral,Wendy
"skills required for .net programmer can perfectly match with my educational
background and working experience.
data placed by you on source
considerably meets with my requirement.
my work experience includes:

having experience over 9.2 years in all phase of software development
lifecycle using agile scrum methodologies.
hands on experience in developing web application using asp.net, mvc 3.0,
c#, wcf, ado.net, linq, entity framework, jquery, and sql server.
excellent communication, leadership & interpersonal skills with clear
understanding of business logic.
contributed to the intellectual property of the company through training
sessions, white papers and product ideas.
hands on experience in vba and ms-access data base as backend.
efficient in end-to-end development of software products from requirement
analysis to system study, designing, coding, testing, de-bugging,
documentation and implementation.
lastly i would like to add that my hard working ability would definitely
work in the favor of your company, just need a chance to prove myself.
benevolently arrange the call / schedule a interview as per your time
convenience.thanks







",positive,Enrique
" 

Dear recruiter,

I am very thankful for your email, unfortunately, I am considering another job. 
Could you elaborate on the benefits of this job?

Best regards.

Martha D.

",neutral,Sol
"thank you very much for offering me the opportunity to work at Cooper Inc as Architectural technologist.
after much deliberation, i will not be accepting the position, as it isn’t the right fit for my long-term career goals.
i sincerely appreciate the offer and give you my best wishes in finding a suitable candidate for the position.
i wish you and the
company well in all future endeavours.",negative,Enrique
"Hi Samantha:

I'm writing to you to show you
 my interest to work as a software
 developer at Interglobal.
 I saw the convocation trough CICESE. 
I already have some experience as 
a developer. I attach my CV.

Regards,
Efren",neutral,sam
" 

thank you for considering me for this position,  I am sorry to inform you that I have taken a job in south lake city and will be moving next week.

",negative,Sol
"Hello good afternoon


My name is José Antonio Martínez,
I'm 29 years old, I'm single,
I live in Montemorelos NL, and I would like
participate for the job position available, 
I am available, for learning and traveling.
I am here for any other information you need.
My cell number is 4432178324
I attach my resume.

I would like to work in the United States
I'd like to meet that country

I do not speak English but I can learn over time.
I just want to work. 😔",negative,sam
"Greetings,

The dev job you've sent me looks to be promising and would like
to follow up with an interview if it's still available. If not, then
perhaps you can contact me again if something similar comes up.",positive,Ivan
"Hello,

I appreciate the consideration you have given me but I must decline. 
Best of luck on your search.

",negative,Ivan
"Dear Ing. Smith,  

I thank you for drawing my attention to the Front-end developer position at your company. I considered this as a great opportunity and hereby I confirm my acceptance of the position.

As mentioned during the interviews, I still have a contract to meet that closes the next month. I am joining the company on March 4, 2020. Therefore, I would ask you for the relocation aids your company provides before the starting date.

Please, let me know if I need to take further action during this time.

Best regards!
Daniel Baumtree",positive,Salvador
"hope you are doing great !!!!!
as i came to know that you have
an opportunity for  lead us it recruiter  professional in us
staffing, i intend to utilize this opportunity, as i am well confident
about the above position.
therefore, i am sending you my updated resume for
your consideration.
i am having 9+years of experience in us recruitment and
bench sales working with the many tier-1 vendors for clients like
cai,vitaver, ge orbit, cisco,wipro,tech mahindra, infostretch, itc, state
clients,emids,hcl,scif,visa, altermatics, hexaware, mphasis,moa, covendis
to name a few........


*key asset:*

* excellent contacts,maintaining good relations with existing clients and
good professional relationship with the tier-1/client (generate new leads)
* good in recruitment and bench sales.
*


please feel free to call me or mail me.







",positive,Enrique
"Dear Samantha Medina,
I got your email from OCC after applying
for your job position,
  I leave you my updated CV attached,
I also wanted to tell you that I have two publications
  more pending for my JCR assestment and
  just I'm waiting for a date to present
  the PhD test (I was postponed for the
environmental contingency caused by COVID-19).
I would like to mention that although both my MsC and my PhD
they are in, they takes classes and subjects 100% mathematics
  in fact they were given to me in the department
of CINVESTAV mathematics by doctors from
training and postgraduate in mathematics and already in the
  PhD I took classes with physicists due to my subject
  related to fluid mechanics and thermodynamics.
Finally, I say goodbye, thanking you for your time.
Best regards,
Ottmar.",positive,sam
"
I like the proposal, I want to know more about the Hosting that they offer.
",neutral,Wendy
"i am writing to apply for a recent job opening advertised on your website
for the position of business analyst.
the position and responsibilities
seem exciting and matching to my interest areas and experience.
i would
like to bring your attention to my key strengths for the job role:

    experience on deep learning (convolutional neural network), machine
learning algorithms and nlp.
knowledge of languages: python, sql, microsoft azure (basics)

    knowledge of statistics and tableau.
for more information, iâm herewith attaching my resume for your
consideration.
iâm always reachable on my email and
phone number.







",positive,Enrique
"thank you for offering me the position of sales associate with the regency company, llc.
after a great deal of reflection, i have decided to accept a position with another company.
i enjoyed speaking with you, and i appreciate the time you took to share information about
this opportunity.
i admire the work that your team is doing, and i hope to find a way to be
involved in your work in the future, even though the timing did not work out this time.",negative,Enrique
"thanks for your email.i am interested in this position.
please find the
attached resume.
kindly let me know if there is any open position.







",positive,Enrique
"please find attached cv herewith.
i am interested to go for this position
(office administrator)

waiting for your positive response.







",positive,Enrique
"
if you sign up for facebook, you'll be able to stay connected with friends by seeing their photos and videos, staying up to date with their latest status updates, exchanging messages and more.







",positive,Enrique
"although you have been most encouraging in outlining
future development prospects inside King, Barton and King, i have accepted one other alternative
that’s extra in step with my abilities and profession objectives.
i loved assembly you and the remainder of your group.
you have been most type and gracious
all through the interview course of, and i solely want that circumstances allowed me to settle
for your provide.",negative,Enrique
"pfa my resume.







",positive,Enrique
" 

Thank you for your email.
should I qualify for this job, I'll be glad to schedule an interview.

Marry S.

",positive,Sol
"Hello Samantha,

My name is Lakshmi Tejeda, I have a master's 
degree in Chemistry with a bachelor's degree 
in Nanotechnology and software programming in high school.

I don't have a master's degree in physics or mathematics,
 but I have knowledge in both, from classical physics to
 quantum physics, also have knowledge in software 
programming languages of C ++ and Java.
And last but not least, mastery of the english language.

Best regards

MC. Lakshmi Tejeda",positive,sam
"Good day,

I am writing to you for the vacancy
that they have published, currently
  I reside in Querétaro with a
  Master in Artificial Intelligence,
  which I did at the University
Autonomous of Querétaro.
I am open to any contact
  if they so desire. I attach my CV.
Best regards",positive,sam
" 

I have just enrolled in a Ph.D. program and can not apply for this job.
I will be glad to work with you in the future and look forward to meeting with you on another occasion.


Gabriela Romero

",negative,Sol
"Greetings,

The job opportunity looks great and I would normally jump at it but at
this time it would be difficult to make the change. I would love
to hear about other openings in the future if you would consider me again. ",negative,Ivan
"Hello,

I read the description and I really liked it. Please consider me
for an interview at your soonest convenience. ",positive,Ivan
"while i extremely
appreciative for having been offered the role, i believe i will have to decline the same.
while the package you have offered me
is extremely generous, i have accepted a position at another company which better fits the role i was looking out for.",negative,Enrique
"
communication not that good .... pass on him







",positive,Enrique
"

My name is Manuel Combarro Simón, we spoke a little while ago, I am sending you my updated CV, I have not worked as such in artificial intelligence, but I have seen some courses and made simple classifiers.

Cheers,

",positive,Wendy
"first, i want to thank you for the offer to work for Montgomery PLC as a Barrister's clerk.
i was excited about the chance to join the team there, but something unexpected came up, and i
won’t be able to go forward with the job as planned.
i wish i didn’t have to back out like this.
i want to stay connected via linkedin, and i hope we cross paths again in the future.",negative,Enrique
"Hello,

Thank you very much for the information. If only I had known sooner but unfortunately
I just started a new project and I cannot go back on that commitment. I hope I can
be considered for future opportunities once I become available again. 

Regards. ",negative,Ivan
"Hi,

I've read the job position and it looks interesting but I have a few doubts. 
Does this position allow for remote work?
Will there be a lot of travel?
Does it provide certification courses?

I would love to get an answer to these question.",neutral,Ivan
"thank you again for oﬀering me the opportunity to
work at Jones-Lopez.
as i told you over the phone i regret that i must
decline the job oﬀer.
after considerable thought i
have determined that the position is not the best fit
for me at this time.
i enjoyed meeting you and learning about your
company and i wish you every success in the
future.",negative,Enrique
"i'm interested in working with your organization kindly please check my
resume for your reference



thanks,
manojkumar c







",positive,Enrique
"Greetings,

I saw the description for the job you sent me and I think it could be
a good change for me. It's a bit different from my usual roles but
I'm certainly up to the challenge. 

Regards. 
",positive,Ivan
"Dear Samantha.

I am a CICESE graduate, I saw the ad in
  the job board and I would like
  know what it is about.

Thank you.",neutral,sam
"i got your naukri.com based reply for ai-ml engineer position.
replying to
the same inquiry.
my name is akshay dodhiwala & i have been working as an data scientist
since last 2 years.
i have attached my resume & project document for your
reference.
as of now i am leading team of 8 other data scientist to deliver
industry grade solutions.
and i am also microsoft certificated data
scientist.
please do see them and let me know if need any further
information.







",positive,Enrique
"Good morning, please find
I attach my CV for the position of physicist-mathematician.

A cordial greeting,
Ignacio",positive,sam
" 
Hi,
Thank you for your email.
I have already accepted a job offer from Company X.
Best,
L.",negative,Sol
"
My family does not want to move to the city
",negative,Wendy
"please find attached my resume for the position of expert us it recruiter

feel free to connect at 9902495007 for further process.
murali







",positive,Enrique
"pfa my profile for the position of data scientist.







",positive,Enrique
"thank you  for offering me the position of office assistant with carolina solar services.
i appreciate you taking the time to consider me for the role and for answering my
questions about the company and the position.
after much consideration, i will not be accepting the position as it does not fit the path i am taking
to achieve my career goals.
i am currently seeking for a position that would allow me to directly employ my knowledge of solar
energy in thefield so that i can reach my career goals of being a solar technician.
if a position of
this nature becomes available in the future, i would appreciate being considered for such a role.
again, thank you for your consideration, and i wish you all the best.",negative,Enrique
"Hello good afternoon

I send my CV to apply for any position in Intekglobal.

Cheers
Marlenne Banos Leal",negative,sam
"this is atul from ambala, ex-para commando from indian army(president award
winner).i have completed my mba in hr.
please see the attached file as my
resume.
please go through from that & consider it for admin/hr/operations
manager in your esteemed organisation.
my major is administration and minor is hr in which my 08 year experience
is of indian army(admin head & para commando) and 04 years in civil as
admin manager cum hr manager.
currently i am working for housing.com as
admin cum operations head for punjab & haryana zone.your valuable reply is
awaited.







",positive,Enrique
"
job | excellent opportunity for senior level us it recruiter 


44 applicants 

	


	
	



mideenkother 


senior us it recruiter, senior it recruiter, it recruiter, 

	
	








	


current designation senior technical recruiter 


current company nygci 


notice period 15 days or less 


previous designation senior it recruiter 


previous company plato technologies inc 


contact details 


mobile:   
	


exp 


6 yrs 


ctc 


  

location 


  
	


not able to view details?







",positive,Enrique
"Dear Joe,

Thank you for offering me the position of Web Developer. I will take the job offer. I am willing to contribute to the company's growing ambitions.

As we discuss previously, I agree with the monthly income of $ 9,500 and all the benefits after 2 months. Additionally, I need assistance with relocation as we both agreed.

Please, feel free to contact me if I need to send further documentation. I look forward to meeting you and the team on July 6, 2021.

Best regards,
Salvatore Falconi",positive,Salvador
"Good afternoon, I hope you are very well.

The reason for this mail to extend a cordial greeting,
  in addition to send you my CV for the Position described in the
  mail subject.

My name is Alvaro Moreno, I have worked as
Project and Initiative Management Engineer
of Innovation and Technological Projects for 2 years,
and as a developer of integration projects
technology and engineering for another 2 years.

I have used various technologies from
that are mentioned in the job description,
and I have worked on various innovation projects,
so it could be of interest to the company.

Without further ado for the moment, I appreciate your time and attention,
  and I remain pending.

Cheers,
ASM
",neutral,sam
"i am writing to formally accept your offer of Technical author at Combs Group.
i am very grateful
for the opportunity, and delighted to be joining the company.
thank you very much for the opportunity.",positive,Enrique
"i am so obliged for having been offered the position of Merchant navy officer at your company.
however, i find that i must decline the offer
in light of some reasons that have come up on my end.",negative,Enrique
"Greetings,

The job seems to fit my profile but compared to my current
employment it looks like more of the same for me. I'm not interested
in a lateral move but if anything should come up in the future be
sure to keep me in mind.",negative,Ivan
"thank you very much for offering me the Nutritional therapist.
after careful consideration, i
regret that i must decline your offer.
although you were most encouraging in
outlining future advancement possibilities within Woods, Sweeney and Taylor, i have
accepted another opportunity that is more in line with my skills and career goals.
i enjoyed meeting you and the rest of your team.",negative,Enrique
"Hello,

I'm not interested in this position but if you have any openings for a more senior role 
I would definitely like to hear about it. ",negative,Ivan
"
HI! 

Recently graduated in Computer Science , I’ll like to apply for this job offer 
",positive,Wendy
"after much deliberation, i regret to inform you that i will be unable to accept your offer.
please know
that my decision was a difficult one, as i was impressed with the opportunity presented.
i wish you the best in your recruiting efforts for the position.
perhaps our paths will cross in the future.",negative,Enrique
"i would like to thank you again for taking the time to meet with me last week.
it was great to meet
the team and learn more about the money counter position, and i appreciate the offer to join
your team.
although i am very grateful for this opportunity and would be very excited to join your company,
unfortunately i have to decline your offer, as the salary does not meet my needs.
according to my
research, the typical salary range for someone in this position is between $50,000 and $70,000.
if you feel that you would be willing to accommodate my salary requirements, i would greatly
appreciate it and would love the opportunity to work with your company.
again, thank you for your time and support ",negative,Enrique
" 

I have to decline since my work visa has expired.
",negative,Sol
"Hello Samantha,

I contact you
to send you my resume,
which I would like it to be considered
  for the AI position.

I will appreciate if you confirm me
you have received this email.",positive,sam
" 

Hi Sam,

thank you for contacting me, Does this job requires me to move to California?

thanks,

G.
",neutral,Sol
"Dear Mr. Jones,

I sincerely appreciate your consideration for the account manager position with your firm. I regret to inform you that I must withdraw my application for the job. My wife has received an attractive promotion with her company that will require relocation to another state, and we will be moving at the end of the summer.

Thank you for the time you spent reviewing my qualifications and meeting with me.

Best regards,
Shaun Murphy
555-862-15756
shaun_mur@mymail.com",negative,Salvador
"Good afternoon Samantha Media,

I am interested in the job offer

for Ai, Machine Learning /

Web Developing Position.

Could you send me more information?

Find attached my CV.

Thank you,

Luis Munguia",neutral,sam
"with reference to your email regarding the job offer letter, i would like to thanks for giving me
an opportunity to work with a dynamic team and learn more.
i accept the subject offer
position and eager to join.
thanks for your email about the offer and i look forward to seeing you soon.",positive,Enrique
"Hi,

The job description mentions a training period. For how long is this period? What
sort of projects will I be working on? 

Regards.",neutral,Ivan
" 

I am available for working only from home, if the job position is flexible with this I am happy to be considered for an interview.

Mrs, House

",neutral,Sol
"thank you for your mail via naukri for job opportunity.
please find my updated resume attached in the mail.







",positive,Enrique
"i am an ambitious, self-motivated person who believes in team work,
dedication and honesty.
i am a pro-active and quick learner with
exceptional time management and communication skills.
i have 10 years of
experience in the rpo & bpo sector with expertise in staffing &
recruitment/talent acquisition experience.
worked in the position of a
delivery manager & team lead â operations for 10 years at allegis services
pvt.
ltd. (teksystems), tescra pvt.
ltd., artech info systems, vls
consulting, ilink software services (taj technologies) and tekxcellence
inc.
i have managed contract, contract to hire and permanent staffing needs
for various fortune 100 clients over the past decade.
please feel free to contact me to discuss further.







",positive,Enrique
"

Good morning Samantha, I hope you are well.

I wanted to ask you about the dynamics to apply for a job
  in the company you work for,
specifically in the area of software development.

Also is the job available, for any age range?
  in my case I am 48 years old today.

I'll wait for your response.

Greetings and take good care",negative,sam
"i am interested in the
job opening and i am attaching my resume to this email.
kindly find the
attachment for the same.







",positive,Enrique
"it is with great pleasure that i accept your offer to join Stephen Jackson as a Counselling psychologist under
Stephen Jackson.
the goals you outlined for the position are well-matched to my abilities, and i consider
it a privilege to join your team.
as we discussed, my annual salary will be $7002, and medical benefits will commence after 38 days of
employment.
Stephen Jackson, thank you for making the interview process enjoyable.
i look forward to working with
you and the Stephen Jackson team.
i will report to work on July 18, 1993.
in the meantime, feel free to call me at +1-225-674-6952x636.",positive,Enrique
"Hello,

The job position looks great but I would like to ask a few questions.

1) Are there options for relocation?
2) Is work-from-home allowed? If not always, on occasions? 
3) Are there allowances for religious holidays? ",neutral,Ivan
"following our conversation yesterday morning over
the telephone, i would like to thank you for offering me
the position of (name of position) at (name of
company).
the challenges and growth within the company are
exciting but the salary offer is unfortunately below
what i would be happy with.
it has been a hard decision to make, but i have a few other offers available to me that suit my salary
goals more.
i wish to thank you for your time, consideration and offer, perhaps in the future or should there be a
reconsideration regarding salary, i would be more than happy to listen.",negative,Enrique
"thank you so much for offering me the Nature conservation officer position.
after carefully considering
the compensation package outlined in your offer, i must regretfully decline.
the
salary does not meet the financial requirements of my current situation.
it was a pleasure meeting you and learning about your company.
i wish you
continued success and hope we will have the opportunity to work together in the
future.",negative,Enrique
"thanks for your email.
iam  interested in this position.







",positive,Enrique
"thank you for this email and glad that you found my profile matching your
requirement.
i have worked on the technologies you are looking for, but
very less  at ejb and jpa.
i am a fast learner and can meet your
expectations in much less time span.
please find my resume attached.







",positive,Enrique
"i want to thank you very much for offering me the role
of International aid/development worker at Travis, Johnson and Nelson.
i appreciate that you
interviewed a number of candidates and will have
spent much time reaching your decision.
i was very impressed by Travis, Johnson and Nelson, which
made my decision a difficult one.
after careful
consideration, however, i have taken the decision to
decline your offer of employment.
the reason is that i
have been offered a different role at a more senior
level, and with a greater opportunity to develop
management skills.
i enjoyed meeting you and your colleagues, who were
friendly and professional throughout.
i would like to
wish you and your company the very best for the
future and i thank you again for your time.",negative,Enrique
"please find my resume for chandigarh location as an attachment.







",positive,Enrique
" 

Hi Wendy,

I am not interested in this position since it is not compatible with my professional profile, but it could also enhance my set of skills, is there any prior training in this job?

Best wishes,

Mario

",neutral,Sol
"thank you for your offer for the post of an administrative assistant as a result of my last
interview.
however, i regret to accept your offer currently due to unavoidable reasons.
i will be
very much thankful if you accept my regret letter.",negative,Enrique
"pfa for my resume.







",positive,Enrique
"thanks for reaching out, i am interested in applying for the job position
of âai engineer / data scientist in usâ.
the updated resume is attached, providing further information on how my
career background meets your requirements.
i look forward to hearing from
you.







",positive,Enrique
"please accept this letter as confirmation of my resignation from the position of Community arts worker
at Wright Inc, effective from one month from today’s date, January 15, 1984.
i am very thankful for the opportunities, guidance and ongoing support you have provided me.
thank you again, and i wish you and Wright Inc all the best for the future.",negative,Enrique
"Dear Ms. Montagne,

Thank you very much for offering me the position of Network Administrator at The Spiderweb. The opportunity looks very interesting, and I am sure that I would find the position rewarding.

Before I come with my final decision, I am hoping that we can discuss the possibility of adding an 8% commission to my base salary, as my 15-year track record and agenda of contacts will enable me to bring additional revenue to the company. Please let me know if we can discuss this.

Thank you for your consideration.

Respectfully yours,
Suzanne Pavilion",neutral,Salvador
"i would like to take a moment to thank you for extending me an offer for the Community development worker within Morales Group and i am grateful you entrusted me with being suitable and
experienced for the aforementioned position.
i was looking forward to becoming part of the aetna health insurance family however after careful thought
and consideration for the role, salary, responsibilities, and the company; i have come to the decision to
decline the job offer presented to me.
your company has a bright future ahead, but i cannot accept the
position due to the total commute time i would have (approximately 37 hours total each day).
i truly appreciate taking the time to have met with you and all interviewers during this process.
i am
immensely grateful to have received this opportunity to join your team and thank you for your time and
support throughout this process.
i hope to work together in the future should the opportunity become
available.",negative,Enrique
"
I'll think about it
",neutral,Wendy
"as discussed please find my attached resume.
please do the needful.







",positive,Enrique
"following our recent conversation, i want to thank you for offering me the position of sales assistant with your company.
i would be delighted to accept your offer.",positive,Enrique
"i am interested in the opportunity .
my profile is attached for your
review.
looking forward to hear from you.







",positive,Enrique
"
I like the idea we can talk in April



",neutral,Wendy
"i’d like to thank you very much for offering me the position of Equities trader with Brown-Landry.
after much consideration, i have decided to accept a position with another company.
i sincerely appreciate you taking the time to interview me and for offering me this role.
i wish you all the best in finding someone suitable for the position.",negative,Enrique
"Hello Samantha,

I am writing to inquire about employment
Intekglobal in which they request
Expert programmers with master's degrees in science.
That it appeared that they need Physicists / Mathematicians.
But I would like to know in which areas or disciplines.
Since I'm a physicist with a master's degree in science
which I program in C / C ++ CUDA, Python, Matlab / octave,
I use GIS and I do data series analysis,
I have used the TensorFlow but for scientific projects.
Could you guide me what they specifically need.

Coordinating greetings,",neutral,sam
"i hope all is well.

i wanted to follow up regarding the Mechanical engineer position, as i’ve come to a decision.
unfortunately, i have decided to pursue a different opportunity and must decline this offer.
i wish you luck in finding the right person for this role, and i appreciate the time and effort that you spent interviewing me and
extending me this offer.
thank you very much for the opportunity.",negative,Enrique
"Good Morning,

Sorry for the late response but I've been very busy lately. I would
certainly like to be considered for the job.",positive,Ivan
" 

I am looking for a more generous salary, I would consider the interview if you can increase the salary by 10%.

Best,
Mrs. Moana 
",neutral,Sol
"please find the attached resume for your reference.







",positive,Enrique
"Hello, hope you are well.

The position you are offering is something I would definitely consider.
I hope to be considered for an interview and find out if
the company and I are as good a fit as I suspect we will be. 
",positive,Ivan
"thank you very much for offering me the position of Event organiser at Fox and Sons.
unfortunately, i have decided not to accept the position, as it isn’t the right fit for me at this time.
i truly appreciate the offer and your consideration.
thank you again for your time and i wish you all the best in finding someone suitable for the position.",negative,Enrique
"thank you so much for considering me for the position of Primary school teacher.
after careful
consideration, i’ve decided to pursue a position with another company that’s more in
line with my current career path and personal goals.
it was a true pleasure to learn more about the excellent work you do at Aguilar, Richardson and Harris.
i appreciate the time and consideration you gave my application and wish you success
in your efforts to find the perfect candidate.
i look forward to hearing from you in the future.
if there are any questions you have
for me, please let me know.",negative,Enrique
"please find the attached resume.







",positive,Enrique
"Hello,

The job position looks great but it seems that the contract if only for a few months.
Would it be possible to get an extension or a permanent contract after the time ends?

regards.",neutral,Ivan
"Goodnight,

My name is Franz Lake, and I write because
I am interested in the job offer 
as an AI, Machine Learning / Web Developer.
Find attached my CV in both English and
Spanish,
Thank you.

Regards.",positive,sam
" 

Thank you very much for sharing this opportunity with me, but I was recently hired as an analyst in Mexico City. However, I do not close afterwards to the possibility of working in the United States later. I hope to keep in touch.
",negative,Wendy
"thank you very much for offering me the assistant manager position.
after careful consideration, i regret
that i must decline your offer.
although you were most encouraging in outlining future advancement
possibilities within Clark Ltd, i have accepted another opportunity that is more in line with my skills
and career goals.
i enjoyed meeting you and the rest of your team.
you have been most kind and gracious throughout the
interview process, and i only wish that circumstances allowed me to accept your offer.",negative,Enrique
"thank you very much for offering me the position of Accountant at Jackson, Young and Jones

after a lot of consideration, i have decided unfortunately not to accept the offer.
i really
appreciate the time you have taken to meet with me over the course of our interviews last week
and this week, and i apologise that i am no longer in a position to accept the role.",negative,Enrique
"Good evening Samantha,
 
  My name is Brayan Cuevas Arteaga
I am an electronic engineer with a master's degree in
artificial intelligence,
I have seen the job offer on the Internet and
I have experience in Machine Learning
and the topics related to the position,
  I hope and have the opportunity to review my CV
which you´ll find attached in English and Spanish.
Thank you very much in advance.",neutral,sam
"

My name is Karla Ramírez and I saw the vacancy ""Master in Physical Sciences"" posted on the site.

I want to be considered for the selection process. I attach my CV in English; I already sent my data in Spanish through the website.

I meet the requirements listed. In addition, I have extensive experience in serving international clients and I have a high sense of responsibility.

I appreciate you confirm received. Awaiting your comments.
",positive,Wendy
"thank you very much for offering me the position of customer service manager with Davidson-Shaffer
while i understand the position and your company offer a great deal to a prospective
starting a home business employee, i have had another offer which i believe more closely matches what i am
looking for.
therefore, after giving it much careful thought, i must decline your offer.
thank you for your time and effort.
i wish you and your company well.",negative,Enrique
"Greetings,

The job position looks interesting but I don't think I would
be able to work for this company due to ethical reasons. I'm a big
belieber in green energy and I would rather not support the oil industry.

If any position opens up for companies working towards a greener future I would
love to hear about them.",negative,Ivan
"thank you very much for offering me the assistant manager position.
after careful consideration, i regret that i must
decline your offer.
although you were most encouraging in outlining future advancement possibilities within a
company, i have accepted another opportunity that is more in line with my skills and career goals.
i enjoyed meeting you and the rest of your team.
you have been most kind and gracious throughout the interview
process, and i only wish that circumstances allowed me to accept your offer.
with best wishes for your continued success.",negative,Enrique
"
PLS. Call this number xxxxxxx I’ll like to work in the US.
",positive,Wendy
"
i have received a mail on a job offer in the field of ai from one mr dk

singh.
pfa mu updated resume.
do let me know for any more details needed.







",positive,Enrique
"thanks for sharing this opportunity with me.
i am interested and apply for same.







",positive,Enrique
"i would like to express my appreciation for
including me in the interview process for your
accountant position.
i enjoyed meeting with you
and learning more about your company.
however, i have accepted another employment",negative,Enrique
"while i understand the position and your company
oﬀer a great deal to a prospective employee, i have
had another oﬀer which i believe more closely
matches what i am looking for.
therefore, after
giving it much careful thought, i must decline your
oﬀer.",negative,Enrique
"Hi good day.

I am Angel Trujillo Gallegos,
and I'm interested in working on your team,
I saw the AI ​​Machine Learning ad about a new position
 
I have extensive experience in systems integration,
knowledge in RP systems, knowledge of servers,
and web development, including a specialization
in software engineering, I also have
knowledge of business rules, entrepreneurship,
 personnel management, project and platform development,
 I also have a master's degree in electronics and computing
 with focus and specialization in artificial intelligence,
 with machine learning methodologies,
for process automation and data analysis,
 I also have a certification of industrial processes
 made in south korea. I'm in total
willingness to work, including abilities
 to travel since I have a valid passport and
 the possibility of relocation (if necessary),
 I currently live in Monterrey Nuevo León.

I would like to have a longer talk 
 to let you know about all my experiences and
knowledge for the position, I attached
 to this email and I'll be available at my phone
 3323486788.
Greetings and
 have a good day",negative,sam
"first, i want to thank you for the offer to work for Martinez PLC as a Plant breeder/geneticist
i was excited about the chance to join the team there, but something unexpected came up, and i
won’t be able to go forward with the job as planned.
i wish i didn’t have to back out like this.
i want to stay connected via linkedin, and i hope we
cross paths again in the future.",negative,Enrique
"this is in response to the job opportunity mail i had received.
i work as a data scientist in infosys center for emerging technology
solutions(icets) where advance technology projects are incubated.
i am
responsible for building ai, ml and analytical components for different
verticals of industry using classical and modern deep learning algorithms.
my core expertise are on r and python.
i have hand s on experience in
computer vision , nlp and deep learning.
also pfa for my updated resume.
if you need any further details please let
me know.







",positive,Enrique
"thank you for giving me the opportunity to work at the Coleman-Sanchez.
per your directions i have reviewed the contract that you gave me on June 07, 1997.",positive,Enrique
"

",negative,Wendy
"thank you for the opportunity to accept a position as Magazine journalist with Ford, Landry and Long.
i am happy to accept your offer, with an anticipated starting date of August 02, 2011.
i am pleased to accept the starting salary of £6535, and the additional benefits.
please let me know if you need anything from me in the meantime.
you can reach me at 613.032.7904x96184 or via email at lewisandrew@lopez.info.",positive,Enrique
"
I am writing to you because of the vacancy ""IT consultation Firm"". I have a PhD in Materials Science and Engineering, with extensive experience in C ++. I attach my CV in case the vacancy is still valid.

",positive,Wendy
"Greetings, 

I've read through the job description and find that
it matches my profile perfectly. I would love to try to
interview for it if it is still available. I would also
be interested in any other such positions should I not be chosen
but something comes up in the future.

Regards.",positive,Ivan
"thanks for sending out the requirement for data scientist, i am interested, please find the attached resume, please call me for further discussion.







",positive,Enrique
"thank you very much for offering me the position of Pathologist with Brown, Hawkins and Chen. it was a difficult decision to make, but, i have accepted a position
with another company.
i sincerely appreciate you taking the time to interview me and to share information on the opportunity and your company.",negative,Enrique
